,name
0,Phineas
1,Tilly
2,Archie
3,Darla
4,Franklin
5,
6,Jax
7,
8,Zoey
9,Cassie
10,Koda
11,Bruno
12,
13,Ted
14,Stuart
15,Oliver
16,Jim
17,Zeke
18,Ralphus
19,Gerald
20,Jeffrey
21,such
22,Canela
23,
24,
25,Maya
26,Mingus
27,Derek
28,Roscoe
29,Waffles
30,Jimbo
31,Maisey
33,
34,Earl
35,Lola
36,Kevin
37,
38,Yogi
39,Noah
40,Bella
41,Grizzwald
42,
43,Rusty
44,Gus
45,Stanley
46,Alfy
47,Koko
48,Rey
49,Gary
50,
51,Elliot
52,Louis
53,
54,Bella
55,Jesse
56,
57,Romeo
58,Bailey
59,Duddles
60,Jack
61,Steven
62,Beau
63,Snoopy
64,Shadow
65,Emmy
66,Aja
68,Penny
69,Dante
70,Nelly
71,Ginger
72,Benedict
73,Venti
74,Goose
75,Nugget
76,
77,Cash
78,Jed
79,
80,Sebastian
82,
83,Sierra
84,
85,
86,Monkey
87,
88,Harry
89,Kody
90,Lassie
91,Rover
92,Napolean
93,Boomer
94,
95,Cody
96,Zoey
97,Rumble
98,Clifford
99,Dewey
100,Stanley
101,Scout
102,Gizmo
103,Walter
104,
105,Cooper
106,
107,Harold
108,Shikha
110,
111,Lili
112,Jamesy
113,Coco
114,Boomer
115,Sammy
116,Nelly
117,
118,Meatball
119,Paisley
120,Albus
121,Neptune
122,Belle
123,
124,Quinn
125,Zooey
126,Dave
127,Jersey
128,
130,Hobbes
131,
132,Burt
134,Lorenzo
135,Carl
136,Jordy
137,
138,Milky
139,Trooper
140,
141,quite
142,
143,
144,Sophie
145,Wyatt
146,Rosie
147,Thor
148,
149,Oscar
150,Zeke
151,Callie
152,
153,Cermet
154,
155,quite
156,Marlee
157,Arya
158,Einstein
159,
160,
161,Alice
162,
163,Rumpole
164,Benny
165,Aspen
166,Jarod
167,Wiggles
168,General
169,Sailor
172,
173,Iggy
174,Snoop
175,Kyle
176,Leo
177,Riley
178,Boomer
179,
180,Noosh
181,
182,Kevin
183,
184,Odin
185,Jerry
187,Georgie
188,Rontu
189,Cannon
190,Furzey
191,Daisy
192,
193,Tuck
194,Barney
195,Vixen
196,Jarvis
197,
198,
199,Mimosa
200,Pickles
201,
202,Brady
203,Luna
204,Charlie
205,Margo
206,Sadie
207,Hank
208,Tycho
210,Charlie
211,Indie
212,Winnie
213,George
214,Bentley
216,Penny
217,
218,Max
219,Dawn
220,
221,Maddie
222,
223,Monty
224,Sojourner
225,Winston
227,Odie
228,Arlo
230,Walter
231,Stanley
232,Daisy
233,
234,Waffles
235,Vincent
236,Lucy
237,Clark
239,Mookie
240,Meera
241,Oliver
242,Ava
243,Lucy
244,
245,Eli
246,Ash
247,Lola
248,
249,
250,Tucker
251,Tobi
252,
253,Chester
254,Wilson
255,Sunshine
256,Lipton
257,Bentley
258,Charlie
259,Bronte
260,Poppy
261,Gidget
262,Rhino
264,Willow
265,Orion
266,Eevee
267,Charlie
268,Smiley
271,Miguel
272,Emanuel
273,Kuyu
274,Daisy
275,
276,Dutch
277,Pete
278,
279,Scooter
280,Tucker
281,Reggie
282,Lilly
283,Samson
285,Mia
286,Leo
287,
288,Astrid
289,Malcolm
290,Dexter
291,Alfie
292,Fiona
293,one
294,Mutt
295,Bear
296,Doobert
297,Beebop
298,Alexander
299,Sailer
300,Brutus
301,Kona
302,Boots
303,Tucker
304,Ralphie
305,Charlie
306,Loki
307,Cupid
308,Pawnd
309,Pilot
310,
311,
312,Ike
313,Mo
314,Toby
315,
316,Sweet
317,Pablo
319,Scooter
320,Wilson
321,
322,Nala
323,Cash
324,Winston
325,Crawford
326,Wyatt
328,Albus
329,
330,Hobbes
332,
333,Paisley
334,Gabe
335,
336,Jimison
338,Duchess
339,Harlso
340,Sundance
341,Luca
342,
343,Flash
344,Sunny
345,
347,
348,
349,Oliver
350,
351,Howie
352,Jazzy
353,Anna
354,Finn
357,Sunny
358,Bo
359,Wafer
360,Bear
362,Tom
363,Florence
364,Autumn
365,Buddy
366,Dido
367,Eugene
368,Ken
369,Strudel
371,Tebow
372,
373,Chloe
375,Timber
376,Binky
377,Moose
378,Dudley
379,Comet
381,Jack
382,
383,Akumi
384,Titan
385,
386,Cooper
387,Olivia
388,Alf
389,Oshie
391,Chubbs
392,Gary
393,Sky
394,Atlas
395,
396,
397,Eleanor
398,Layla
399,
400,
401,Toby
402,Rocky
403,Baron
404,Tyr
405,Bauer
406,Swagger
407,Brandi
408,
409,Mary
410,Moe
411,Ted
412,Halo
413,Augie
414,Craig
415,Sam
416,Hunter
417,Pavlov
418,Phil
419,Gus
420,
422,
423,Kyro
424,Wallace
425,Ito
426,
427,Koda
429,
430,Cooper
431,Ollie
432,Stephan
434,Lennon
435,
436,Waffles
438,incredibly
440,Major
441,Duke
442,Zeke
443,Sansa
444,Shooter
445,Django
447,Bo
448,Diogi
450,
451,Sonny
452,Winston
453,Marley
455,Winnie
456,Severus
457,
459,Loki
460,Ronnie
461,Wallace
462,
463,Milo
464,Bones
465,Mauve
466,Chef
467,
469,Doc
470,Peaches
471,
473,Sobe
474,Longfellow
475,Jeffrey
476,Mister
477,Iroh
478,Shadow
486,Cooper
487,
488,Cassie
489,Pancake
490,Tyr
491,Romeo
492,
493,Snicku
495,Ruby
496,
497,Yogi
498,Daisy
499,
500,Brody
501,Bailey
503,Mack
505,Nimbus
506,Laika
507,Maximus
508,Clark
510,Dobby
511,Fiona
512,Moreton
513,Dave
514,
515,Tucker
516,Juno
517,Maude
518,Lily
519,Newt
520,Benji
521,Nida
522,
523,Robin
524,
525,Bailey
526,Monster
527,BeBe
528,Remus
529,
530,Levi
531,Mabel
533,Misty
534,Betty
536,Mosby
537,Duke
538,Maggie
539,Bruce
540,Happy
541,Eli
542,Brownie
543,Rizzy
544,Stella
545,Bo
546,Lucy
547,Butter
548,Dexter
549,
550,Leo
552,
553,Frank
554,Tonks
555,Moose
556,Lincoln
557,Rory
558,Logan
559,
560,Dale
561,Rizzo
562,Mattie
564,Lucy
565,Rusty
566,Pinot
567,Dallas
568,Doc
569,Hero
570,Rusty
571,Frankie
572,Stormy
573,Riley
574,Mairi
575,Loomis
576,Finn
577,Godi
579,Dave
580,Earl
581,Cali
582,Deacon
583,Penny
584,Timmy
585,Sampson
587,Chipson
588,
589,
590,Oakley
591,
592,
593,Dash
594,Koda
595,Hercules
596,
599,Bear
600,
601,Scout
602,
603,Reggie
604,
605,Jay
606,Mya
607,Strider
608,Penny
609,
611,Nala
612,Stanley
613,
614,Sophie
615,Wesley
616,
618,Derek
619,Jeffrey
621,Solomon
622,Huck
623,
624,O
625,Sampson
626,
628,Blue
629,Anakin
630,
631,Finley
632,Tucker
633,Finley
634,Sprinkles
635,
636,Winnie
637,Heinrich
638,Loki
639,Shakespeare
640,Chelsea
641,Bungalo
642,Chip
643,Grey
644,
645,Roosevelt
647,
648,Willem
649,
650,Jack
651,Finn
652,Penny
653,Davey
654,Dakota
655,Fizz
657,Dixie
658,Charlie
659,
660,Winston
661,Sebastian
662,very
663,Al
664,Jackson
666,Carbon
667,Klein
668,Titan
669,DonDon
670,Kirby
671,Jesse
672,Lou
673,Oakley
674,Chevy
675,Gerald
676,Tito
677,Philbert
678,Louie
679,
680,Rupert
681,Rufus
682,Brudge
683,Shadoe
684,Oscar
686,Juno
687,Angel
688,Brat
689,Tove
690,my
691,Louie
692,Gromit
693,Aubie
694,Kota
695,Alfie
696,Clark
697,Belle
698,Leela
699,Glenn
700,Buddy
701,Scout
702,
703,Shelby
705,
706,
707,Sephie
709,Bruce
710,Bonaparte
711,Albert
712,Bo
713,Wishes
714,Rose
715,Theo
716,Atlas
717,Rocco
718,Fido
719,Sadie
720,
721,Kirby
722,Maggie
724,Emma
725,Oakley
726,Luna
728,Toby
729,Spencer
730,Lilli
731,
732,Boston
733,Brandonald
734,
735,Odie
736,Corey
737,
738,Leonard
740,Beckham
741,Cooper
743,
744,
745,
746,Devón
747,Oliver
748,Jax
749,Gert
750,
751,
752,
753,
754,
755,one
756,Watson
758,Winnie
759,Keith
760,Milo
761,Dex
762,
763,Charlie
764,
765,
766,Scout
767,Hank
768,Ace
769,Tayzie
770,Grizzie
771,
772,
773,
774,
776,Brody
777,Ruby
778,Tucker
779,Toby
780,
781,Max
782,
783,Gilbert
784,
785,Cooper
786,Milo
787,Meyer
788,Malcolm
789,Arnie
790,Zoe
791,
792,Stewie
793,Calvin
794,Lilah
795,Spanky
796,
797,Jameson
798,Beau
799,Jax
800,Piper
801,Bo
802,Atticus
803,Lucy
804,Finn
805,
806,George
807,Blu
808,Winston
809,Dietrich
810,not
811,Divine
812,
813,Tripp
814,his
815,one
816,Cora
817,
818,Duke
819,
820,
821,
822,
823,Huxley
824,
825,Bookstore
826,
827,
828,
829,Atticus
830,Clark
831,
832,
833,
834,
835,
836,Abby
837,Shiloh
838,an
839,Gustav
840,Arlen
841,Gus
842,Percy
843,Lenox
844,very
845,Sugar
846,Oliver
847,Abby
848,Indie
849,Harvey
850,Blanket
851,
852,Geno
853,
854,Stark
855,Harold
856,Bentley
857,Beya
858,Kilo
859,
860,Kayla
861,Maxaroni
862,
863,Bell
864,Phil
865,Doug
866,Edmund
867,
868,Aqua
869,Tucker
870,Theodore
871,just
872,Leo
873,
874,Chip
875,Baloo
876,
877,
878,Chase
879,getting
880,Nollie
881,Rorie
882,Simba
883,Benji
884,
885,Kyle
886,
887,Charles
888,
889,Bayley
890,
891,
892,Axel
893,Storkson
894,Remy
895,Bella
896,
897,
898,Lily
899,
900,Chadrick
901,Rory
902,very
903,
904,Maxaroni
905,
906,Dakota
907,
908,Kellogg
909,Buckley
910,Jax
911,
912,Livvie
913,Terry
914,Moose
915,
916,Hermione
917,
918,Ralpher
919,Aldrick
920,
921,Kyle
922,Larry
923,Solomon
924,this
925,unacceptable
926,Rooney
927,Crystal
928,Ziva
929,Charles
930,Ollie
931,
932,Stefan
933,Pupcasso
934,
935,Puff
936,
937,Flurpson
938,Coleman
939,Wallace
940,Enchilada
941,Raymond
942,all
943,Rueben
944,Cilantro
945,
946,
947,
948,
949,Karll
950,Sprout
951,Blitz
952,Bloop
953,
954,Colby
955,Lillie
956,Lola
957,Fred
958,
959,Ashleigh
960,Kreggory
961,Sarge
962,Luther
963,Sugar
964,Reginald
965,Ivar
966,Jangle
967,
968,Schnitzel
969,Panda
970,Oliver
971,Archie
972,Berkeley
973,
974,Ralphé
975,Derek
976,Charleson
977,Neptune
978,
979,Clyde
980,Harnold
981,Sid
982,Lucy
983,Pippa
984,Sadie
985,Otis
986,
987,Carper
988,
989,Bowie
990,
991,Alexanderson
992,Suki
993,Barclay
994,
995,
996,Ebby
997,Flávio
998,Smokey
999,Link
1000,Jennifur
1001,Bluebert
1002,Stephanus
1003,
1004,Bubbles
1005,
1006,Toby
1007,Zeus
1008,Bertson
1009,Oscar
1010,Nico
1011,Michelangelope
1012,Siba
1013,Calbert
1014,Curtis
1015,Benedict
1016,
1017,Travis
1018,Thumas
1019,
1020,
1021,Kanu
1022,
1023,Piper
1024,
1025,Lance
1026,Opie
1027,Stubert
1028,
1029,Sunny
1030,Kane
1031,
1032,Steven
1033,Olive
1034,Chester
1036,Winston
1037,Roosevelt
1038,
1039,
1040,Gary
1041,
1042,
1043,Chuckles
1044,Milo
1045,Staniel
1046,Sora
1047,
1048,Beemo
1049,Gunner
1050,infuriating
1051,
1052,Lacy
1053,Tater
1054,
1055,Watson
1056,
1057,
1058,Olaf
1059,Cecil
1060,Vince
1061,Karma
1062,Billy
1063,Walker
1064,Penny
1065,
1066,Rodney
1067,Klevin
1068,
1069,Malikai
1070,Mister
1071,Coco
1072,Smokey
1073,Bear
1074,Bobble
1075,Oliver
1076,River
1077,Jebberson
1078,
1079,Cooper
1080,Remington
1081,
1082,Farfle
1083,Rufus
1084,Sadie
1085,
1086,Jiminus
1087,Harper
1088,Keurig
1089,
1090,Clarkus
1091,
1092,Finnegus
1093,Cassie
1094,Cupcake
1095,Kathmandu
1096,Tucker
1097,Ellie
1098,Elliot
1099,Katie
1100,Shadow
1101,
1102,Oliver
1103,
1104,Koda
1105,
1106,
1107,Kara
1108,Dexter
1109,Adele
1110,Lucy
1111,Max
1112,
1113,
1114,Zara
1115,Cooper
1116,Ambrose
1117,Jimothy
1118,Bode
1119,Terrenth
1120,Reese
1121,
1122,
1123,
1124,Chesterson
1125,
1126,
1127,Lucia
1128,Bisquick
1129,Ralphson
1130,Stanley
1131,
1132,
1133,
1134,Bella
1135,Scooter
1136,
1137,
1138,Charlie
1139,Socks
1140,
1141,
1142,an
1143,Chip
1144,Lucy
1145,Rambo
1146,Sansa
1147,
1148,
1149,
1150,
1151,Fiji
1152,Rilo
1153,Bilbo
1154,Coopson
1155,Yoda
1156,Millie
1157,
1158,Chet
1159,
1160,Crouton
1161,Daniel
1162,very
1163,Vincent
1164,Kaia
1165,Murphy
1166,Dotsy
1167,
1168,
1169,Eazy
1170,Coops
1171,Thumas
1172,Cooper
1173,Nala
1174,
1175,Fillup
1176,Dave
1177,Archie
1178,
1179,
1180,Miley
1181,Calbert
1182,
1183,Charl
1184,Reagan
1185,
1186,
1187,Oliver
1188,CeCe
1189,
1190,Cuddles
1191,Rusty
1192,
1193,Claude
1194,Jessiga
1195,Maximus
1196,Franklin
1197,Beau
1198,Lily
1199,
1200,Doug
1201,Cassie
1202,Carter
1203,
1204,
1205,Ole
1206,Blipson
1207,
1208,Bentley
1209,getting
1210,Charlie
1211,Oakley
1212,Rosie
1213,
1214,
1215,Misty
1216,Reptar
1217,Trevith
1218,
1219,Berb
1220,
1221,Wyatt
1222,
1223,Calvin
1224,
1225,Bob
1226,Colin
1227,just
1228,Lorenzo
1229,
1230,Brian
1231,Archie
1232,Phil
1233,
1234,Oliviér
1235,Grady
1236,
1237,Lola
1238,Chester
1239,Kobe
1240,
1241,Freddery
1242,
1243,
1244,Phil
1245,Lincoln
1246,Sadie
1247,
1248,Bodie
1249,Dunkin
1250,
1251,Milo
1252,
1253,Wally
1254,
1255,Tupawc
1256,
1257,
1258,Chester
1259,Amber
1260,Cody
1261,Herschel
1262,
1263,Edgar
1264,
1265,Kingsley
1266,Brockly
1267,
1268,Richie
1269,
1270,Leo
1271,Bailey
1272,
1273,Molly
1274,
1275,
1276,
1277,
1278,Buddy
1279,Peaches
1280,Vinscent
1281,Cedrick
1282,Hazel
1283,Lolo
1284,Eriq
1285,Phred
1286,the
1287,Maxwell
1288,Geoff
1289,
1290,
1291,Covach
1292,
1293,Gizmo
1294,Durg
1295,Fynn
1296,Luca
1297,Ricky
1298,Lucy
1299,
1300,
1301,Carl
1302,
1303,Chipson
1304,Herald
1305,Lucky
1306,
1307,Trip
1308,
1309,Clarence
1310,
1311,Hamrick
1312,Brad
1313,
1314,Pubert
1315,Frönq
1316,
1317,Louis
1318,Derby
1319,Lizzie
1320,
1321,Kilo
1322,Louis
1323,
1324,Trooper
1325,Blakely
1326,Opal
1327,Marq
1328,
1329,Curtis
1330,Kramer
1331,Tyrone
1332,
1333,Gordon
1334,Samson
1335,Baxter
1336,
1337,
1338,Jackson
1339,
1340,
1341,Mona
1342,Olivia
1343,Horace
1344,Crimson
1345,Birf
1346,
1347,Flávio
1348,
1349,
1350,Hammond
1351,Lorelei
1352,the
1353,Olive
1354,Marty
1355,Brooks
1356,Otis
1357,
1358,
1359,
1360,Rocky
1361,
1362,Petrick
1363,Hubertson
1364,Alfie
1365,Gerbald
1366,Jerry
1367,Oreo
1368,Bruiser
1369,
1370,Perry
1371,
1372,Theodore
1373,
1374,Bobby
1375,
1376,Pippa
1377,Jeph
1378,Obi
1379,
1380,
1381,
1382,Tino
1383,
1384,Kulet
1385,
1386,Lupe
1387,Sadie
1388,Tiger
1389,Jiminy
1390,
1391,
1392,Buddy
1393,Sebastian
1394,Griffin
1395,Banjo
1396,
1397,
1398,Jack
1399,
1400,Brandy
1401,Larry
1402,
1403,
1404,Lulu
1405,Darrel
1406,
1407,Taco
1408,
1409,Joey
1410,
1411,
1412,Patrick
1413,Kreg
1414,Brody
1415,Todo
1416,Jax
1417,Samson
1418,Tess
1419,
1420,Ulysses
1421,
1422,Jimothy
1423,Charlie
1424,Bo
1425,
1426,Toffee
1427,
1428,Apollo
1429,Carly
1430,Asher
1431,Glacier
1432,Chuck
1433,actually
1434,Sarge
1435,Panda
1436,Champ
1437,
1438,Aspen
1439,
1440,Ozzie
1441,Alice
1442,Sadie
1443,Griswold
1444,Cheesy
1445,Ellie
1446,
1447,Moofasa
1448,Brody
1449,Penny
1450,Percy
1451,
1452,Hector
1453,
1454,CeCe
1455,Toby
1456,
1457,
1458,Goliath
1459,Kawhi
1460,Reggie
1461,Ozzy
1462,
1463,by
1464,Emmie
1465,Sammy
1466,Penelope
1467,
1468,Bruce
1469,Willie
1470,
1471,Rinna
1472,
1473,Hunter
1474,Mike
1475,
1476,
1477,William
1478,Dwight
1479,Evy
1480,Hurley
1481,Rubio
1482,
1483,Louis
1484,officially
1485,Chompsky
1486,
1487,
1488,Lola
1489,
1490,Linda
1491,Tug
1492,Mia
1493,Wilson
1494,Dash
1495,Tango
1496,
1497,Grizz
1498,
1499,Crystal
1500,Jerome
1501,
1502,
1503,Bella
1504,Crumpet
1505,
1506,Rosie
1507,
1508,Jessifer
1509,Reese
1510,
1511,
1512,
1513,Ralph
1514,Sadie
1515,
1516,
1517,
1518,
1519,Sandy
1520,
1521,
1522,
1523,Axel
1524,
1525,Humphrey
1526,Derek
1527,Tassy
1528,Juckson
1529,the
1530,Chuq
1531,
1532,Cooper
1533,
1534,Tyrus
1535,Karl
1536,
1537,
1538,
1539,
1540,Ash
1541,
1542,
1543,Penny
1544,
1545,
1546,the
1547,
1548,Godzilla
1549,Bubbles
1550,Vinnie
1551,
1552,
1553,Griffin
1554,
1555,
1556,Duke
1557,
1558,Winston
1559,Kenneth
1560,Herm
1561,
1562,Bert
1563,Striker
1564,
1565,
1566,
1567,Donny
1568,
1569,
1570,
1571,
1572,Pepper
1573,
1574,
1575,Bernie
1576,Buddah
1577,
1578,Lenny
1579,
1580,
1581,
1582,Ellie
1583,Sammy
1584,
1585,
1586,Reggie
1587,
1588,
1589,
1590,
1591,Daisy
1592,
1593,
1594,
1595,Arnold
1596,
1597,
1598,
1599,Coops
1600,
1601,Steven
1602,Zuzu
1603,Oliver
1604,
1605,
1606,Moe
1607,Mollie
1608,Laela
1609,
1610,
1611,Tedders
1612,
1613,
1614,Maggie
1615,
1616,Superpup
1617,
1618,
1619,
1620,
1621,Sophie
1622,
1623,Rufio
1624,Patrick
1625,Jeb
1626,Rodman
1627,
1628,
1629,
1630,
1631,Louis
1632,
1633,Bailey
1634,Ava
1635,Jonah
1636,Lenny
1637,Gary
1638,Chesney
1639,Lennon
1640,Kenny
1641,
1642,Bob
1643,Henry
1644,Gus
1645,Bobbay
1646,
1647,Mitch
1648,Earl
1649,Stanley
1650,Lucy
1651,
1652,
1653,Kaiya
1654,Daisy
1655,
1656,Acro
1657,Aiden
1658,
1659,one
1660,Obie
1661,
1662,
1663,
1664,
1665,
1666,Riley
1667,Raymond
1668,Dot
1669,
1670,Pickles
1671,
1672,Larry
1673,George
1674,Shnuggles
1675,Kendall
1676,Albert
1677,
1678,Jeffri
1679,Sandy
1680,
1681,
1682,
1683,Steve
1684,Koda
1685,
1686,Bella
1687,Gerald
1688,
1689,Django
1690,Frankie
1691,
1692,Eve
1693,Mac
1694,
1695,Dexter
1696,Fletcher
1697,Kenzie
1698,Pumpkin
1699,Schnozz
1700,
1701,
1702,Chuckles
1703,Chet
1704,Gustaf
1705,Terry
1706,Jimison
1707,Cheryl
1708,
1709,Oscar
1710,Ed
1711,Jerry
1712,Leonidas
1713,
1714,Norman
1715,Caryl
1716,
1717,Scott
1718,Taz
1719,
1720,Darby
1721,
1722,Jackie
1723,light
1724,Jazz
1725,Buddy
1726,Franq
1727,Pippin
1728,
1729,Kreg
1730,
1731,Rolf
1732,
1733,Snickers
1734,Ridley
1735,
1736,Cal
1737,Opal
1738,Bradley
1739,Bubba
1740,
1741,just
1742,Tuco
1743,Patch
1744,Gizmo
1745,Lola
1746,Mojo
1747,Batdog
1748,Brad
1749,Mia
1750,Dylan
1751,
1752,space
1753,
1754,Mark
1755,
1756,
1757,Oscar
1758,
1759,the
1760,Marley
1761,
1762,JD
1763,Baxter
1764,Reginald
1765,
1766,Jax
1767,Alejandro
1768,Scruffers
1769,Hammond
1770,Charlie
1771,Pip
1772,Julius
1773,Malcolm
1774,Penelope
1775,
1776,Tanner
1777,
1778,Lou
1779,Lola
1780,Sparky
1781,
1782,Herm
1783,
1784,Anthony
1785,Holly
1786,
1787,
1788,
1789,
1790,Clarence
1791,
1792,Phred
1793,Toby
1794,
1795,
1796,Colby
1797,
1798,Jett
1799,Amy
1800,
1801,Remington
1802,
1803,Sage
1804,Maggie
1805,Andy
1806,Mason
1807,
1808,Trigger
1809,Antony
1810,
1811,Creg
1812,
1813,
1814,Traviss
1815,
1816,Vincent
1817,Gin
1818,Jerry
1819,Jeffrie
1820,
1821,Danny
1822,Ester
1823,Pluto
1824,Bloo
1825,Phineas
1826,
1827,Edd
1828,
1829,
1830,
1831,Paull
1832,Koda
1833,
1834,Hank
1835,Sam
1836,Willy
1837,
1838,Herb
1839,Damon
1840,
1841,Scooter
1842,Peanut
1843,Nigel
1844,Larry
1845,Daisy
1846,
1847,Butters
1848,
1849,
1850,Sandra
1851,Wally
1852,
1853,Fabio
1854,Winston
1855,Randall
1856,Liam
1857,Tommy
1858,Ben
1859,
1860,
1861,Raphael
1862,Zoey
1863,
1864,Julio
1865,Andru
1866,
1867,
1868,Chester
1869,Clarence
1870,Kloey
1871,Louie
1872,Shawwn
1873,
1874,Penny
1875,
1876,Skye
1877,
1878,Linda
1879,Keith
1880,Kollin
1881,
1882,Ronduh
1883,Billl
1884,Oliviér
1885,Chip
1886,
1887,Saydee
1888,Dug
1889,Tessa
1890,Sully
1891,Kirk
1892,
1893,Ralf
1894,Clarq
1895,Jaspers
1896,Samsom
1897,
1898,
1899,Tucker
1900,Terrance
1901,
1902,Harrison
1903,Bernie
1904,
1905,Ruby
1906,
1907,Chaz
1908,Jeremy
1909,Jaycob
1910,
1911,Herald
1912,Lambeau
1913,Ruffles
1914,Amélie
1915,Bobb
1916,Banditt
1917,
1918,Kevon
1919,Winifred
1920,
1921,
1922,Hanz
1923,an
1924,Churlie
1925,Zeek
1926,Timofy
1927,Maks
1928,Jomathan
1929,Kallie
1930,
1931,Marvin
1932,
1933,
1934,Spark
1935,Gòrdón
1936,
1937,Jo
1938,
1939,DayZ
1940,
1941,
1942,
1943,Rusty
1944,Sophie
1945,
1946,Jareld
1947,Bisquick
1948,Torque
1949,
1950,
1951,Ron
1952,Skittles
1953,
1954,
1955,
1956,Alfie
1957,
1958,Jiminy
1959,Otis
1960,
1961,Cleopatricia
1962,Erik
1963,Stu
1964,Tedrick
1965,
1966,Shaggy
1967,
1968,
1969,Filup
1970,
1971,
1972,
1973,
1974,Calvin
1975,Olive
1976,
1979,
1980,George
1981,Kial
1982,
1983,Frank
1984,Naphaniel
1985,
1986,Dook
1987,
1988,Hall
1989,Philippe
1990,
1991,
1992,Reese
1993,Cupcake
1994,
1995,
1996,
1997,Biden
1998,Fwed
1999,
2000,Genevieve
2001,Joshwa
2002,
2003,
2004,Timison
2005,
2006,
2007,Clarence
2008,Kenneth
2009,Churlie
2010,Bradlay
2011,Pipsy
2012,
2013,Gabe
2014,Clybe
2015,Dave
2016,
2017,Keet
2018,
2019,Klevin
2020,Carll
2021,
2022,
2023,
2024,
2025,Jeph
2026,Jockson
2027,
2028,
2029,Josep
2030,Lugan
2031,
2032,Christoper
2033,
2034,Jimothy
2035,Kreggory
2036,Scout
2037,
2038,
2039,
2040,
2041,
2042,Walter
2043,quite
2044,
2045,
2046,
2047,
2048,
2049,
2050,an
2051,
2052,an
2053,
2054,
2055,
2056,
2057,
2058,
2059,
2060,
2061,
2062,the
2063,the
2064,
2065,
2066,an
2067,
2068,
2069,
2070,
2071,
2072,
